{
    "url": "https://cdn.shopify.com/s/files/1/2304/1219/products/B0T424R1PC-NVY_F1_989e1cba-3439-4ca0-a0e5-705f693bda17.jpg?v=1635394918",
    "key": "000032695",
    "status": "success",
    "error_message": null,
    "width": 256,
    "height": 256,
    "original_width": 3862,
    "original_height": 4828,
    "exif": "{\"Image Orientation\": \"Horizontal (normal)\", \"Image XResolution\": \"300\", \"Image YResolution\": \"300\", \"Image ResolutionUnit\": \"Pixels/Inch\", \"Image YCbCrPositioning\": \"Centered\", \"Image ExifOffset\": \"102\", \"EXIF ExifVersion\": \"\", \"EXIF ComponentsConfiguration\": \"\", \"EXIF FlashPixVersion\": \"\", \"EXIF ColorSpace\": \"Uncalibrated\", \"EXIF ExifImageWidth\": \"3862\", \"EXIF ExifImageLength\": \"4828\"}",
    "md5": "ace9cfa836579b9e12183f71ddeafb9c"
}