{
    "url": "https://cdn.shopify.com/s/files/1/2304/1219/products/B0U138S1PC-NVY_1-2_250x.jpg?v=1644417830",
    "key": "000035014",
    "status": "success",
    "error_message": null,
    "width": 256,
    "height": 256,
    "original_width": 250,
    "original_height": 312,
    "exif": "{\"Image Orientation\": \"Horizontal (normal)\", \"Image XResolution\": \"120\", \"Image YResolution\": \"120\", \"Image ResolutionUnit\": \"Pixels/Inch\", \"Image YCbCrPositioning\": \"Centered\", \"Image ExifOffset\": \"102\", \"EXIF ExifVersion\": \"\", \"EXIF ComponentsConfiguration\": \"\", \"EXIF FlashPixVersion\": \"\", \"EXIF ColorSpace\": \"Uncalibrated\", \"EXIF ExifImageWidth\": \"250\", \"EXIF ExifImageLength\": \"312\"}",
    "md5": "0679d7a3abe34bfc0b9b4c15c22e7e17"
}