{
    "url": "https://cdn.shopify.com/s/files/1/2304/1219/products/B6U106Q1PC-NVY_F1_63f4f2b6-328b-4d6d-a8d5-f3e49e125b2b.jpg?v=1630355420",
    "key": "000031334",
    "status": "success",
    "error_message": null,
    "width": 256,
    "height": 256,
    "original_width": 1500,
    "original_height": 1870,
    "exif": "{\"Image Orientation\": \"Horizontal (normal)\", \"Image XResolution\": \"120\", \"Image YResolution\": \"120\", \"Image ResolutionUnit\": \"Pixels/Inch\", \"Image YCbCrPositioning\": \"Centered\", \"Image ExifOffset\": \"102\", \"EXIF ExifVersion\": \"\", \"EXIF ComponentsConfiguration\": \"\", \"EXIF FlashPixVersion\": \"\", \"EXIF ColorSpace\": \"Uncalibrated\", \"EXIF ExifImageWidth\": \"1500\", \"EXIF ExifImageLength\": \"1870\"}",
    "md5": "7be8b95f380b864d616461fea33f9d80"
}