{
    "url": "https://cdn.shopify.com/s/files/1/2304/1219/products/F21_PDP_6.jpg?v=1627307407",
    "key": "000031304",
    "status": "success",
    "error_message": null,
    "width": 256,
    "height": 256,
    "original_width": 1200,
    "original_height": 1496,
    "exif": "{\"Image Orientation\": \"Horizontal (normal)\", \"Image XResolution\": \"72\", \"Image YResolution\": \"72\", \"Image ResolutionUnit\": \"Pixels/Inch\", \"Image YCbCrPositioning\": \"Centered\", \"Image ExifOffset\": \"102\", \"EXIF ExifVersion\": \"\", \"EXIF ComponentsConfiguration\": \"\", \"EXIF FlashPixVersion\": \"\", \"EXIF ColorSpace\": \"Uncalibrated\", \"EXIF ExifImageWidth\": \"1200\", \"EXIF ExifImageLength\": \"1496\"}",
    "md5": "b471bbb60df096b2996f24f5ec39218c"
}