{
    "url": "https://cdn.shopify.com/s/files/1/2304/1219/products/B0U337S1PC-LPI_F2.jpg?v=1647531622",
    "key": "000036575",
    "status": "success",
    "error_message": null,
    "width": 256,
    "height": 256,
    "original_width": 748,
    "original_height": 935,
    "exif": "{\"Image Orientation\": \"Horizontal (normal)\", \"Image XResolution\": \"120\", \"Image YResolution\": \"120\", \"Image ResolutionUnit\": \"Pixels/Inch\", \"Image YCbCrPositioning\": \"Centered\", \"Image ExifOffset\": \"102\", \"EXIF ExifVersion\": \"\", \"EXIF ComponentsConfiguration\": \"\", \"EXIF FlashPixVersion\": \"\", \"EXIF ColorSpace\": \"Uncalibrated\", \"EXIF ExifImageWidth\": \"748\", \"EXIF ExifImageLength\": \"935\"}",
    "md5": "0e1d6121bd66ba54c57b536e1467c0a5"
}