{
    "url": "https://cdn.shopify.com/s/files/1/2304/1219/products/B9U108Q1PC-WHT_4.jpg?v=1626472025",
    "key": "000031354",
    "status": "success",
    "error_message": null,
    "width": 256,
    "height": 256,
    "original_width": 1500,
    "original_height": 1870,
    "exif": "{\"Image Orientation\": \"Horizontal (normal)\", \"Image XResolution\": \"120\", \"Image YResolution\": \"120\", \"Image ResolutionUnit\": \"Pixels/Inch\", \"Image YCbCrPositioning\": \"Centered\", \"Image ExifOffset\": \"102\", \"EXIF ExifVersion\": \"\", \"EXIF ComponentsConfiguration\": \"\", \"EXIF FlashPixVersion\": \"\", \"EXIF ColorSpace\": \"Uncalibrated\", \"EXIF ExifImageWidth\": \"1500\", \"EXIF ExifImageLength\": \"1870\"}",
    "md5": "439444a7aa9c23b2d717ef25c46144b3"
}