{
    "url": "https://cdn.shopify.com/s/files/1/2304/1219/products/B6P113S1FT-NVY_F1_1c69034b-fcd7-4b2d-a15c-54117a944bc6.jpg?v=1643671652",
    "key": "000035176",
    "status": "success",
    "error_message": null,
    "width": 256,
    "height": 256,
    "original_width": 1500,
    "original_height": 1875,
    "exif": "{\"Image Orientation\": \"Horizontal (normal)\", \"Image XResolution\": \"300\", \"Image YResolution\": \"300\", \"Image ResolutionUnit\": \"Pixels/Inch\", \"Image YCbCrPositioning\": \"Centered\", \"Image ExifOffset\": \"102\", \"EXIF ExifVersion\": \"\", \"EXIF ComponentsConfiguration\": \"\", \"EXIF FlashPixVersion\": \"\", \"EXIF ColorSpace\": \"Uncalibrated\", \"EXIF ExifImageWidth\": \"1500\", \"EXIF ExifImageLength\": \"1875\"}",
    "md5": "528f934ee0db1c8ff4dce7463e2db3c6"
}