{
    "url": "https://cdn.shopify.com/s/files/1/2304/1219/products/B6W311P1NS-ATB_F1_250x.jpg?v=1622217289",
    "key": "000030875",
    "status": "success",
    "error_message": null,
    "width": 256,
    "height": 256,
    "original_width": 250,
    "original_height": 312,
    "exif": "{\"Image Orientation\": \"Horizontal (normal)\", \"Image XResolution\": \"120\", \"Image YResolution\": \"120\", \"Image ResolutionUnit\": \"Pixels/Inch\", \"Image YCbCrPositioning\": \"Centered\", \"Image ExifOffset\": \"102\", \"EXIF ExifVersion\": \"\", \"EXIF ComponentsConfiguration\": \"\", \"EXIF FlashPixVersion\": \"\", \"EXIF ColorSpace\": \"Uncalibrated\", \"EXIF ExifImageWidth\": \"250\", \"EXIF ExifImageLength\": \"312\"}",
    "md5": "247b2e664da384b0ab7e8548eac16e7c"
}