{
    "url": "https://cdn.shopify.com/s/files/1/2304/1219/products/B6U652S1PC-WHT_6_d6f1e2c1-377c-402e-b805-d8279a5198cf.jpg?v=1647622729",
    "key": "000036534",
    "status": "success",
    "error_message": null,
    "width": 256,
    "height": 256,
    "original_width": 1500,
    "original_height": 1875,
    "exif": "{\"Image Orientation\": \"Horizontal (normal)\", \"Image XResolution\": \"120\", \"Image YResolution\": \"120\", \"Image ResolutionUnit\": \"Pixels/Inch\", \"Image YCbCrPositioning\": \"Centered\", \"Image ExifOffset\": \"102\", \"EXIF ExifVersion\": \"\", \"EXIF ComponentsConfiguration\": \"\", \"EXIF FlashPixVersion\": \"\", \"EXIF ColorSpace\": \"Uncalibrated\", \"EXIF ExifImageWidth\": \"1500\", \"EXIF ExifImageLength\": \"1875\"}",
    "md5": "f2d5e160438c007b23f2b7ea65908c11"
}