{
    "url": "https://cdn.shopify.com/s/files/1/2304/1219/products/B6H314Q1FT-BOG_1.jpg?v=1632099004",
    "key": "000032483",
    "status": "success",
    "error_message": null,
    "width": 256,
    "height": 256,
    "original_width": 1500,
    "original_height": 1870,
    "exif": "{\"Image Orientation\": \"Horizontal (normal)\", \"Image XResolution\": \"120\", \"Image YResolution\": \"120\", \"Image ResolutionUnit\": \"Pixels/Inch\", \"Image YCbCrPositioning\": \"Centered\", \"Image ExifOffset\": \"102\", \"EXIF ExifVersion\": \"\", \"EXIF ComponentsConfiguration\": \"\", \"EXIF FlashPixVersion\": \"\", \"EXIF ColorSpace\": \"Uncalibrated\", \"EXIF ExifImageWidth\": \"1500\", \"EXIF ExifImageLength\": \"1870\"}",
    "md5": "bc378fca3e19b21199554a11f479b20b"
}