{
    "url": "https://cdn.shopify.com/s/files/1/2304/1219/products/B6V201ARCM-XGB_F1_G_250x.jpg?v=1630615769",
    "key": "000031473",
    "status": "success",
    "error_message": null,
    "width": 256,
    "height": 256,
    "original_width": 250,
    "original_height": 312,
    "exif": "{\"Image Orientation\": \"Horizontal (normal)\", \"Image XResolution\": \"72\", \"Image YResolution\": \"72\", \"Image ResolutionUnit\": \"Pixels/Inch\", \"Image YCbCrPositioning\": \"Centered\", \"Image ExifOffset\": \"102\", \"EXIF ExifVersion\": \"\", \"EXIF ComponentsConfiguration\": \"\", \"EXIF FlashPixVersion\": \"\", \"EXIF ColorSpace\": \"Uncalibrated\", \"EXIF ExifImageWidth\": \"250\", \"EXIF ExifImageLength\": \"312\"}",
    "md5": "e4a463e277a52750a0208204e0e7faa1"
}