{
    "url": "https://cdn.shopify.com/s/files/1/2304/1219/products/B6H419R1FT-BLK_1_250x.jpg?v=1635127214",
    "key": "000032995",
    "status": "success",
    "error_message": null,
    "width": 256,
    "height": 256,
    "original_width": 250,
    "original_height": 312,
    "exif": "{\"Image Orientation\": \"Horizontal (normal)\", \"Image XResolution\": \"120\", \"Image YResolution\": \"120\", \"Image ResolutionUnit\": \"Pixels/Inch\", \"Image YCbCrPositioning\": \"Centered\", \"Image ExifOffset\": \"102\", \"EXIF ExifVersion\": \"\", \"EXIF ComponentsConfiguration\": \"\", \"EXIF FlashPixVersion\": \"\", \"EXIF ColorSpace\": \"Uncalibrated\", \"EXIF ExifImageWidth\": \"250\", \"EXIF ExifImageLength\": \"312\"}",
    "md5": "b2dd049fc27840d83b7a5321ae86daf8"
}