{
    "url": "https://cdn.shopify.com/s/files/1/2304/1219/products/B0T424R1PC-WHT_F2.jpg?v=1637952547",
    "key": "000032958",
    "status": "success",
    "error_message": null,
    "width": 256,
    "height": 256,
    "original_width": 2334,
    "original_height": 2918,
    "exif": "{\"Image Orientation\": \"Horizontal (normal)\", \"Image XResolution\": \"300\", \"Image YResolution\": \"300\", \"Image ResolutionUnit\": \"Pixels/Inch\", \"Image YCbCrPositioning\": \"Centered\", \"Image ExifOffset\": \"102\", \"EXIF ExifVersion\": \"\", \"EXIF ComponentsConfiguration\": \"\", \"EXIF FlashPixVersion\": \"\", \"EXIF ColorSpace\": \"Uncalibrated\", \"EXIF ExifImageWidth\": \"2334\", \"EXIF ExifImageLength\": \"2918\"}",
    "md5": "285cc72d2577eb27c336509804fdb979"
}