{
    "url": "https://scontent-atl3-2.xx.fbcdn.net/v/t1.6435-9/171278008_4176004009090742_7948478752871460162_n.jpg?_nc_cat=100&ccb=1-5&_nc_sid=9267fe&_nc_ohc=Wf52OHVO5qcAX-Q3_Y2&_nc_ht=scontent-atl3-2.xx&oh=00_AT_3xLC5qR5rl8udoISHXJFNPCHvzDfii4ZbbqkV4NGOVQ&oe=626C2221",
    "key": "000020148",
    "status": "success",
    "error_message": null,
    "width": 256,
    "height": 256,
    "original_width": 1638,
    "original_height": 2048,
    "exif": "{}",
    "md5": "52e939ebfbe46c2ab0a6031245b611b8"
}