{
    "url": "https://scontent-atl3-2.xx.fbcdn.net/v/t1.6435-9/165567079_4133308700026940_2467044789247457055_n.jpg?_nc_cat=108&ccb=1-5&_nc_sid=9267fe&_nc_ohc=xpgJMX2gWowAX_9vv6m&_nc_ht=scontent-atl3-2.xx&oh=00_AT_PRLxIzPYweFUX_YmyjG8-FyV1tBRTZTrTcfsN8SviuQ&oe=626B5A8D",
    "key": "000020160",
    "status": "success",
    "error_message": null,
    "width": 256,
    "height": 256,
    "original_width": 1080,
    "original_height": 1350,
    "exif": "{}",
    "md5": "b513729131be5ed8e758e2da3c101a8f"
}