{
    "url": "https://scontent-atl3-2.xx.fbcdn.net/v/t1.6435-9/168594824_4154105031280640_7154633550081606618_n.jpg?_nc_cat=105&ccb=1-5&_nc_sid=9267fe&_nc_ohc=_pUaW2oJNLgAX8Mgrct&_nc_ht=scontent-atl3-2.xx&oh=00_AT9k5gUPX1KmB9RQGCcvdi7Rdr2x4Wd2YifQmihLI4d0TQ&oe=626BABC7",
    "key": "000020154",
    "status": "success",
    "error_message": null,
    "width": 256,
    "height": 256,
    "original_width": 1638,
    "original_height": 2048,
    "exif": "{}",
    "md5": "72f94dcc23fecadda9d87e4918284c47"
}