{
    "url": "https://scontent-atl3-2.xx.fbcdn.net/v/t1.6435-9/170677004_4169675609723582_5134379903122728605_n.jpg?_nc_cat=100&ccb=1-5&_nc_sid=9267fe&_nc_ohc=mAZfDIvJpWwAX-HOGjn&_nc_ht=scontent-atl3-2.xx&oh=00_AT9k2y5znSFhPVg9GHraomjNMCkZiVR6H2R4s7nyzYR1ZA&oe=626DA184",
    "key": "000020150",
    "status": "success",
    "error_message": null,
    "width": 256,
    "height": 256,
    "original_width": 1160,
    "original_height": 1108,
    "exif": "{}",
    "md5": "5587a5e02654104189450fcbd390129f"
}