{
    "url": "https://scontent-atl3-2.xx.fbcdn.net/v/t1.6435-9/176291044_4203817159642760_8339537270830194191_n.jpg?_nc_cat=101&ccb=1-5&_nc_sid=9267fe&_nc_ohc=Cnm6alb6NjgAX-MMptX&_nc_ht=scontent-atl3-2.xx&oh=00_AT-OFRy87WaMzTtJ6W8gKNoe9QaKfcoyLeUZGmjPwiFFDQ&oe=626A2F13",
    "key": "000020142",
    "status": "success",
    "error_message": null,
    "width": 256,
    "height": 256,
    "original_width": 1365,
    "original_height": 2048,
    "exif": "{}",
    "md5": "32eb666c32e266a7b74f7d0273efecd3"
}