{
    "url": "https://scontent-atl3-2.xx.fbcdn.net/v/t1.6435-9/172041321_4172941189397024_3809845602592905502_n.jpg?_nc_cat=102&ccb=1-5&_nc_sid=9267fe&_nc_ohc=rbBB86D-iA4AX9d0QUJ&_nc_ht=scontent-atl3-2.xx&oh=00_AT9Dl--VxA_BnEuTafAn3mryxpunhBNTOs138-DmDMz9_w&oe=626DAC3E",
    "key": "000020149",
    "status": "success",
    "error_message": null,
    "width": 256,
    "height": 256,
    "original_width": 1638,
    "original_height": 2048,
    "exif": "{}",
    "md5": "f1465d172f1645463181f7a0f4c205fe"
}