{
    "url": "https://scontent-atl3-2.xx.fbcdn.net/v/t1.6435-9/169315462_4160301463994330_3501240989663582837_n.jpg?_nc_cat=110&ccb=1-5&_nc_sid=9267fe&_nc_ohc=lj6B7TbJqzEAX84HQ3J&_nc_ht=scontent-atl3-2.xx&oh=00_AT8V39fweewoykxlS6BTmSqZFPGrvN7-0ukXZHrEKcNWtA&oe=626B5F4F",
    "key": "000020152",
    "status": "success",
    "error_message": null,
    "width": 256,
    "height": 256,
    "original_width": 1080,
    "original_height": 1350,
    "exif": "{}",
    "md5": "9d9515c1835849a59c18928a7eeaff6f"
}