{
    "url": "https://scontent-iad3-2.xx.fbcdn.net/v/t39.30808-6/254094136_4819047398119730_7562173277566140947_n.jpg?_nc_cat=111&ccb=1-5&_nc_sid=730e14&_nc_ohc=_uJTMVoW6GMAX8u-Blj&_nc_ht=scontent-iad3-2.xx&oh=00_AT-qZqAJZ_n9Bim1WmNl2bay9qIQkjT3TkyPNYfJN5d8rg&oe=624806BB",
    "key": "000000122",
    "status": "success",
    "error_message": null,
    "width": 256,
    "height": 256,
    "original_width": 1920,
    "original_height": 1128,
    "exif": "{}",
    "md5": "e0218cf2b04c9000bfc32e75ffd3f162"
}