{
    "url": "https://scontent-iad3-2.xx.fbcdn.net/v/t39.30808-6/255184847_4825406624150474_1171979228290744195_n.jpg?_nc_cat=103&ccb=1-5&_nc_sid=9267fe&_nc_ohc=QcT635zxgYUAX8cIasg&_nc_ht=scontent-iad3-2.xx&oh=00_AT_zW-z8VZPLm0hXHcVsD-oFz1K-6ipqYPVbr_OQcml0wQ&oe=6247F359",
    "key": "000000117",
    "status": "success",
    "error_message": null,
    "width": 256,
    "height": 256,
    "original_width": 1365,
    "original_height": 2048,
    "exif": "{}",
    "md5": "ef1c015612dc98d6ff7571bccd14bd90"
}