{
    "url": "https://scontent-atl3-2.xx.fbcdn.net/v/t1.6435-9/170332107_4179105712113905_342331267787075599_n.jpg?_nc_cat=101&ccb=1-5&_nc_sid=9267fe&_nc_ohc=-RL8RwVpQT8AX-zlWuY&_nc_ht=scontent-atl3-2.xx&oh=00_AT_d4fLzGfHRB0zHqzbu8gn9FexLMz11gKanMZ0syEze8A&oe=626B60AE",
    "key": "000000147",
    "status": "success",
    "error_message": null,
    "width": 256,
    "height": 256,
    "original_width": 1080,
    "original_height": 1350,
    "exif": "{}",
    "md5": "ca0286eb0921b73c8cd7447c7e26176a"
}