{
    "url": "https://scontent-iad3-2.xx.fbcdn.net/v/t39.30808-6/275663878_5252617848096014_7479374791281987987_n.jpg?_nc_cat=109&ccb=1-5&_nc_sid=730e14&_nc_ohc=7KxkzYnWJ1oAX9sL2cO&_nc_ht=scontent-iad3-2.xx&oh=00_AT_SrCH1h814OK5qOr7-Wf4U31Ehw97a95yoaAcIv4Slmw&oe=6247A18C",
    "key": "000000015",
    "status": "success",
    "error_message": null,
    "width": 256,
    "height": 256,
    "original_width": 1440,
    "original_height": 1082,
    "exif": "{}",
    "md5": "7c3abf75215270cec2faad9fe47bacfd"
}