{
    "url": "https://scontent-iad3-2.xx.fbcdn.net/v/t39.30808-6/272554367_5109036432454157_2051857393726410784_n.jpg?_nc_cat=110&ccb=1-5&_nc_sid=9267fe&_nc_ohc=g95hKut5VSYAX94AvfI&_nc_ht=scontent-iad3-2.xx&oh=00_AT-atdxyfSMouk2zzWPDaulRrQmvR_-rUDueA4nKnp136A&oe=6247A43B",
    "key": "000000048",
    "status": "success",
    "error_message": null,
    "width": 256,
    "height": 256,
    "original_width": 1280,
    "original_height": 1600,
    "exif": "{}",
    "md5": "2a0f3a95a553af504338833be9f71c55"
}