{
    "url": "https://scontent-atl3-2.xx.fbcdn.net/v/t1.6435-9/165024848_4124645214226622_8241060611212155879_n.jpg?_nc_cat=111&ccb=1-5&_nc_sid=730e14&_nc_ohc=1Te6ixuJCu0AX9A1oa1&_nc_ht=scontent-atl3-2.xx&oh=00_AT_f8n23Swz9B8pRiyUElXXOdCZaSapVA4r8mh-7609ysA&oe=626C461C",
    "key": "000000164",
    "status": "success",
    "error_message": null,
    "width": 256,
    "height": 256,
    "original_width": 1080,
    "original_height": 1080,
    "exif": "{}",
    "md5": "b533831c6f4a2d885ec013bd9a68030c"
}