{
    "url": "https://scontent-iad3-2.xx.fbcdn.net/v/t39.30808-6/270879298_5014866301871171_3086913028274449350_n.jpg?_nc_cat=105&ccb=1-5&_nc_sid=730e14&_nc_ohc=PnuaL_xptCUAX9REBV_&_nc_ht=scontent-iad3-2.xx&oh=00_AT8iVALeksiN6fzET4UMFEEyW5undUM0YNvr1N9YkKdU4g&oe=6247D8DB",
    "key": "000000067",
    "status": "success",
    "error_message": null,
    "width": 256,
    "height": 256,
    "original_width": 1440,
    "original_height": 1800,
    "exif": "{}",
    "md5": "10be5981221f440a0d3d241ad2a8950e"
}