{
    "url": "https://scontent-iad3-2.xx.fbcdn.net/v/t39.30808-6/253274582_4847968338560969_2940806025331986557_n.jpg?_nc_cat=101&ccb=1-5&_nc_sid=9267fe&_nc_ohc=jeR1-6Z26VUAX-c36Oh&_nc_ht=scontent-iad3-2.xx&oh=00_AT_Sqi9l0xV5IC5Y6WWsIih7dTpuq-sp8pCtqXrzfqYPBg&oe=62478ECE",
    "key": "000000111",
    "status": "success",
    "error_message": null,
    "width": 256,
    "height": 256,
    "original_width": 1440,
    "original_height": 1800,
    "exif": "{}",
    "md5": "0a538465f8e305a3de2be9c4ff3a08e9"
}