{
    "url": "https://scontent-iad3-2.xx.fbcdn.net/v/t39.30808-6/257752597_4871238449567291_5804649579150179441_n.jpg?_nc_cat=101&ccb=1-5&_nc_sid=9267fe&_nc_ohc=OWwMLKD9VfcAX9k292d&_nc_ht=scontent-iad3-2.xx&oh=00_AT9V2EQKS1R92SeaR-h8G0SjDrBzpaC1RMrRBtViRDx4_w&oe=62482C1D",
    "key": "000000105",
    "status": "success",
    "error_message": null,
    "width": 256,
    "height": 256,
    "original_width": 1920,
    "original_height": 1920,
    "exif": "{}",
    "md5": "dc66c108dd1a1251492b6047bc3f1b0d"
}