{
    "url": "https://scontent-iad3-2.xx.fbcdn.net/v/t39.30808-6/271966655_5081708161853651_8756347113216021770_n.jpg?_nc_cat=106&ccb=1-5&_nc_sid=9267fe&_nc_ohc=9cR1VUYe3AgAX8fJXfq&tn=Nx8MNQr-SjQVN_zh&_nc_ht=scontent-iad3-2.xx&oh=00_AT_iR1LkuwMyey75d-emawouNGHXHWVyMyCTAQFNFixg9w&oe=6247B7C3",
    "key": "000000053",
    "status": "success",
    "error_message": null,
    "width": 256,
    "height": 256,
    "original_width": 1440,
    "original_height": 1800,
    "exif": "{}",
    "md5": "0664f2bc4a8ce16a6a14b198635ad0e9"
}