{
    "url": "https://scontent-iad3-2.xx.fbcdn.net/v/t39.30808-6/272284116_5099871973370603_2727495565305106676_n.jpg?_nc_cat=111&ccb=1-5&_nc_sid=9267fe&_nc_ohc=z524z_3DOTMAX-H0-WF&_nc_ht=scontent-iad3-2.xx&oh=00_AT9FxiCOI8iLnHyM83mxn4_JqrwpX95WjowTtyijIUYLTw&oe=6247D09F",
    "key": "000000050",
    "status": "success",
    "error_message": null,
    "width": 256,
    "height": 256,
    "original_width": 1080,
    "original_height": 1080,
    "exif": "{}",
    "md5": "bb3c04b0090341e15a6c4408cfa7e6c3"
}