{
    "url": "https://scontent-iad3-2.xx.fbcdn.net/v/t39.30808-6/269749660_4975778189113316_7790366305035736162_n.jpg?_nc_cat=101&ccb=1-5&_nc_sid=9267fe&_nc_ohc=HIHawmOo5poAX9GbItk&_nc_ht=scontent-iad3-2.xx&oh=00_AT-Rui0x-2UxOWoFZKQacOXyDnSbHjoLpQo5aK4wUvM0Ag&oe=6247B56E",
    "key": "000000081",
    "status": "success",
    "error_message": null,
    "width": 256,
    "height": 256,
    "original_width": 1080,
    "original_height": 1080,
    "exif": "{}",
    "md5": "10bd21803173b2910afbdf6a7d43a50f"
}