{
    "url": "https://scontent-atl3-2.xx.fbcdn.net/v/t1.6435-9/167598143_4145221462168997_1702927890179735195_n.jpg?_nc_cat=109&ccb=1-5&_nc_sid=9267fe&_nc_ohc=HEsBUO2qugMAX_qVijR&_nc_ht=scontent-atl3-2.xx&oh=00_AT8hbU7ur17c8JAHT9GffJNMbNayNNEyKUFz6lolsuV8vg&oe=626D5BBD",
    "key": "000000157",
    "status": "success",
    "error_message": null,
    "width": 256,
    "height": 256,
    "original_width": 1080,
    "original_height": 1080,
    "exif": "{}",
    "md5": "c83fe1091ad6bda48440ecf08432428c"
}