{
    "url": "https://scontent-iad3-2.xx.fbcdn.net/v/t39.30808-6/274749126_5205588626132270_8360800881353677309_n.jpg?_nc_cat=101&ccb=1-5&_nc_sid=9267fe&_nc_ohc=GLcnbj34sAQAX99xMmG&_nc_oc=AQmta_VlMhCrpPmqSOl7q1zi2tIgeMWK7fg1IOB3IExBSc9s0Lk_SszIp0ca90F3JnSVXnWHlTzndWEIA4i9A7Hu&_nc_ht=scontent-iad3-2.xx&oh=00_AT9ZqZESj7SzIwyAS9ENkc5zdaU78BxqJw8eAYIivDD0Og&oe=6247F806",
    "key": "000000027",
    "status": "success",
    "error_message": null,
    "width": 256,
    "height": 256,
    "original_width": 1440,
    "original_height": 1799,
    "exif": "{}",
    "md5": "f072455d7f89bc4b980360d197007644"
}