{
    "url": "https://scontent-iad3-2.xx.fbcdn.net/v/t39.30808-6/274246896_5189809527710180_1336071573295181007_n.jpg?_nc_cat=104&ccb=1-5&_nc_sid=9267fe&_nc_ohc=Z5Lbc5fzvQsAX_oFWdm&tn=Nx8MNQr-SjQVN_zh&_nc_ht=scontent-iad3-2.xx&oh=00_AT-scbOf2h3vQ8csvs9m_OdaTGsInxrJRIJueIZGj-1E6Q&oe=624808F6",
    "key": "000000031",
    "status": "success",
    "error_message": null,
    "width": 256,
    "height": 256,
    "original_width": 1639,
    "original_height": 2048,
    "exif": "{}",
    "md5": "8147da9e54beac98c200b0f03b19a8cf"
}