{
    "url": "https://scontent-iad3-2.xx.fbcdn.net/v/t39.30808-6/275696625_5252617824762683_1998286499480892266_n.jpg?_nc_cat=107&ccb=1-5&_nc_sid=730e14&_nc_ohc=U07qDI5dDFkAX_e5Wqj&_nc_ht=scontent-iad3-2.xx&oh=00_AT_s1j-QmPP_FFlFhOB8PjPkmvnsQGhymqGb5WIAQXjWFw&oe=62480563",
    "key": "000000016",
    "status": "success",
    "error_message": null,
    "width": 256,
    "height": 256,
    "original_width": 1440,
    "original_height": 1800,
    "exif": "{}",
    "md5": "4e3b4a703b7d93c49a1918a89f8318a1"
}