{
    "url": "https://scontent-iad3-2.xx.fbcdn.net/v/t39.30808-6/254662746_4822240851133718_5524688275613152679_n.jpg?_nc_cat=109&ccb=1-5&_nc_sid=9267fe&_nc_ohc=URq6WfQVKLwAX9E_2Gf&_nc_ht=scontent-iad3-2.xx&oh=00_AT8qg18DqUZvzV4H5ZaaDyuFSawUZPKSZaewBhU_zdMBvQ&oe=62480A7E",
    "key": "000000118",
    "status": "success",
    "error_message": null,
    "width": 256,
    "height": 256,
    "original_width": 1080,
    "original_height": 1081,
    "exif": "{}",
    "md5": "2f80fbb78e8c1c06650731a08d8f0ade"
}