{
    "url": "https://scontent-iad3-2.xx.fbcdn.net/v/t39.30808-6/270191899_4993761827314952_8981555615145342153_n.jpg?_nc_cat=107&ccb=1-5&_nc_sid=9267fe&_nc_ohc=s-DZkrbRg1QAX9IJVuR&_nc_ht=scontent-iad3-2.xx&oh=00_AT8QuoZRzf_WhCcECV8r0y3Ik88RlqtekM3iOsIinhI9tg&oe=6247D77A",
    "key": "000000079",
    "status": "success",
    "error_message": null,
    "width": 256,
    "height": 256,
    "original_width": 1440,
    "original_height": 1781,
    "exif": "{}",
    "md5": "92adafde4db1dc1d9fb2b22268e148ee"
}