{
    "url": "https://scontent-iad3-2.xx.fbcdn.net/v/t39.30808-6/261119886_4892887174069085_2361176919490602751_n.jpg?_nc_cat=106&ccb=1-5&_nc_sid=9267fe&_nc_ohc=42DLTC5J054AX9_cQEg&_nc_ht=scontent-iad3-2.xx&oh=00_AT8v1_2HzjXZ9tN4mN7ObqApcSWNyKrqUlnWoI8YfOFI1g&oe=624801CF",
    "key": "000000097",
    "status": "success",
    "error_message": null,
    "width": 256,
    "height": 256,
    "original_width": 896,
    "original_height": 896,
    "exif": "{}",
    "md5": "962979fbd35de9094a3f50d67edd57df"
}