{
    "url": "https://scontent-atl3-2.xx.fbcdn.net/v/t1.6435-9/175528330_4215704501787359_4094615963439138371_n.jpg?_nc_cat=108&ccb=1-5&_nc_sid=9267fe&_nc_ohc=kTkZYG7miIEAX9-pLnx&_nc_ht=scontent-atl3-2.xx&oh=00_AT8ObTYeihENLjXAEWCf4vIzq58YoWbsfHuOhhlEuYxoNQ&oe=626D0CC0",
    "key": "000000139",
    "status": "success",
    "error_message": null,
    "width": 256,
    "height": 256,
    "original_width": 1920,
    "original_height": 1440,
    "exif": "{}",
    "md5": "19db847efc733355be289002a4499b6c"
}