{
    "url": "https://scontent-iad3-2.xx.fbcdn.net/v/t39.30808-6/267716082_4966512936706508_1816214599658441352_n.jpg?_nc_cat=110&ccb=1-5&_nc_sid=9267fe&_nc_ohc=VbIiHvgkW1kAX9TQSDO&_nc_ht=scontent-iad3-2.xx&oh=00_AT9i4RDCw6MV4VdA4GbMjlUZ9TXoM18nqecZeA9cneAPrA&oe=6247C575",
    "key": "000000083",
    "status": "success",
    "error_message": null,
    "width": 256,
    "height": 256,
    "original_width": 1080,
    "original_height": 1081,
    "exif": "{}",
    "md5": "e2d60732fa4cb61864ff96475bb34d18"
}