{
    "url": "https://scontent-iad3-2.xx.fbcdn.net/v/t39.30808-6/273938766_5192947177396415_4588624373892689693_n.jpg?_nc_cat=107&ccb=1-5&_nc_sid=9267fe&_nc_ohc=b6-tENDyXq4AX9S2JqJ&_nc_ht=scontent-iad3-2.xx&oh=00_AT-E5xDQvx5Wx3gzPTTt7DN5zgWaqVzrdkmbUZfzsG4dEA&oe=6247B676",
    "key": "000000030",
    "status": "success",
    "error_message": null,
    "width": 256,
    "height": 256,
    "original_width": 1365,
    "original_height": 2048,
    "exif": "{}",
    "md5": "de0d6cdfc01de5fd2eb76751a1f5b420"
}