{
    "url": "https://scontent-iad3-2.xx.fbcdn.net/v/t39.30808-6/270804923_5014866195204515_983130484191424131_n.jpg?_nc_cat=101&ccb=1-5&_nc_sid=730e14&_nc_ohc=oyUE4H_0qyQAX_buG0F&tn=Nx8MNQr-SjQVN_zh&_nc_ht=scontent-iad3-2.xx&oh=00_AT9RpKW4yYRjDrMt-E4x98uhAJWzKoEY_Ozp-ZC2_XkA5g&oe=6247F436",
    "key": "000000068",
    "status": "success",
    "error_message": null,
    "width": 256,
    "height": 256,
    "original_width": 1440,
    "original_height": 1685,
    "exif": "{}",
    "md5": "02d2843f3f846f9e6a06cb089535c592"
}