{
    "url": "https://scontent-iad3-2.xx.fbcdn.net/v/t39.30808-6/277163972_5289518664405932_5738186889722457019_n.jpg?_nc_cat=106&ccb=1-5&_nc_sid=730e14&_nc_ohc=wRBfOASqMhsAX_eHUKb&_nc_ht=scontent-iad3-2.xx&oh=00_AT-zrWSvPj6fVV0VUhXZj_eLNk5yc2JyttCtwBdQHHe7wA&oe=6247E149",
    "key": "000000002",
    "status": "success",
    "error_message": null,
    "width": 256,
    "height": 256,
    "original_width": 1440,
    "original_height": 1800,
    "exif": "{}",
    "md5": "e4e0bbfe84cb943d41f33d2b837049bd"
}