{
    "url": "https://scontent-iad3-2.xx.fbcdn.net/v/t39.30808-6/272967933_5135710016453465_1331062498438423722_n.jpg?_nc_cat=101&ccb=1-5&_nc_sid=9267fe&_nc_ohc=0gSyaIf_3lwAX9kl9Yj&_nc_ht=scontent-iad3-2.xx&oh=00_AT_E8M1KMOC2Zdfu7-_EI1kVME-ddoL2BeAdL9htykA7BQ&oe=6247B45A",
    "key": "000000043",
    "status": "success",
    "error_message": null,
    "width": 256,
    "height": 256,
    "original_width": 1638,
    "original_height": 2048,
    "exif": "{}",
    "md5": "0004b3e0f60ece4a4747dd7e62642a5a"
}