{
    "url": "https://scontent-iad3-2.xx.fbcdn.net/v/t39.30808-6/276146711_5268863019804830_7827360845905053299_n.jpg?_nc_cat=101&ccb=1-5&_nc_sid=730e14&_nc_ohc=L0wtrgPRhHYAX-0YHSr&_nc_ht=scontent-iad3-2.xx&oh=00_AT-x0b5XNalXKXAtwALaeawgVlQjKK62ntM_vSbQKt7uag&oe=624809DC",
    "key": "000000010",
    "status": "success",
    "error_message": null,
    "width": 256,
    "height": 256,
    "original_width": 1920,
    "original_height": 1824,
    "exif": "{}",
    "md5": "60387954847249cec304a0cb7a8ec592"
}