{
    "url": "https://scontent-iad3-2.xx.fbcdn.net/v/t39.30808-6/240130384_5077087525649048_9099483196611697608_n.jpg?_nc_cat=101&ccb=1-5&_nc_sid=9267fe&_nc_ohc=JQzckPJMgt0AX9mYXjL&_nc_ht=scontent-iad3-2.xx&oh=00_AT-T0-_I8eUx4v5H4k_wODsc8CALKITFxqm3Vmoj2r2Y_g&oe=62482767",
    "key": "000000054",
    "status": "success",
    "error_message": null,
    "width": 256,
    "height": 256,
    "original_width": 1080,
    "original_height": 1080,
    "exif": "{}",
    "md5": "5f30febe2261347a5d53765cd906ee60"
}