{
    "url": "https://scontent-iad3-2.xx.fbcdn.net/v/t39.30808-6/254618233_4819047421453061_498945279267790541_n.jpg?_nc_cat=107&ccb=1-5&_nc_sid=730e14&_nc_ohc=UE7BrEoL1I0AX83d-ob&tn=Nx8MNQr-SjQVN_zh&_nc_ht=scontent-iad3-2.xx&oh=00_AT-2qNzSHglZ3EyCZ1I9529yp4Utpppw-IgmN1AUypzrrA&oe=62479F6A",
    "key": "000000121",
    "status": "success",
    "error_message": null,
    "width": 256,
    "height": 256,
    "original_width": 1920,
    "original_height": 1100,
    "exif": "{}",
    "md5": "c547716ec46b6301597d05ae7af68f00"
}