{
    "url": "https://scontent-atl3-2.xx.fbcdn.net/v/t1.6435-9/165104569_4124645564226587_4829277798768547710_n.jpg?_nc_cat=103&ccb=1-5&_nc_sid=730e14&_nc_ohc=tkQQ_YcDXM8AX-El6QJ&_nc_ht=scontent-atl3-2.xx&oh=00_AT8_4QpRu-8TAAfGvEt9UnYT9fAieCZpJJmjP598e_YTLg&oe=626CF231",
    "key": "000000163",
    "status": "success",
    "error_message": null,
    "width": 256,
    "height": 256,
    "original_width": 1080,
    "original_height": 1080,
    "exif": "{}",
    "md5": "44c8087ade748e5710dbe7a6cfffcb3e"
}