{
    "url": "https://scontent-iad3-2.xx.fbcdn.net/v/t39.30808-6/246829059_4783941914963612_2444953257133725710_n.jpg?_nc_cat=103&ccb=1-5&_nc_sid=730e14&_nc_ohc=TcspTuzZt8IAX9oHVE0&tn=Nx8MNQr-SjQVN_zh&_nc_ht=scontent-iad3-2.xx&oh=00_AT-m9ayFIw8IzppmJWDgL1l7VhlJgPjmWukUIxHOjOM6jQ&oe=6247BF17",
    "key": "000000133",
    "status": "success",
    "error_message": null,
    "width": 256,
    "height": 256,
    "original_width": 1638,
    "original_height": 2048,
    "exif": "{}",
    "md5": "e280a33a95defaddf19715b1a486fc99"
}