{
    "url": "https://scontent-atl3-2.xx.fbcdn.net/v/t1.6435-9/165369874_4124645187559958_1035703123802691728_n.jpg?_nc_cat=105&ccb=1-5&_nc_sid=730e14&_nc_ohc=R95JxyHd08cAX_1irpx&_nc_ht=scontent-atl3-2.xx&oh=00_AT9oJOI60SGUb20VVl9xxeqN5ZzJUEzK75Ep7FBBX68OjQ&oe=626A7CB2",
    "key": "000000165",
    "status": "success",
    "error_message": null,
    "width": 256,
    "height": 256,
    "original_width": 1080,
    "original_height": 1080,
    "exif": "{}",
    "md5": "24bd91c00dc1f08d90b1219138d419af"
}