{
    "url": "https://scontent-iad3-2.xx.fbcdn.net/v/t39.30808-6/248359770_4794073507283786_455712897194814300_n.jpg?_nc_cat=104&ccb=1-5&_nc_sid=9267fe&_nc_ohc=T_1sXrDMi4YAX89-xxN&_nc_ht=scontent-iad3-2.xx&oh=00_AT-Feh-HNA1QnbbZtXNfBSGxJoKImdsn4NWPY4gQjhIx7g&oe=6248172A",
    "key": "000000130",
    "status": "success",
    "error_message": null,
    "width": 256,
    "height": 256,
    "original_width": 1080,
    "original_height": 1081,
    "exif": "{}",
    "md5": "9096d414bf151d1a491a022cd8e9c84a"
}