{
    "url": "https://scontent-iad3-2.xx.fbcdn.net/v/t39.30808-6/275438351_5237924406232025_3943414752110688761_n.jpg?_nc_cat=111&ccb=1-5&_nc_sid=e3f864&_nc_ohc=R07fnQUTxS4AX_4qpub&_nc_ht=scontent-iad3-2.xx&oh=00_AT-snKbHNc-nsOrf5apUdPVcmsIgom0NNyJgWaC6WpvNrw&oe=6247A5FA",
    "key": "000000020",
    "status": "success",
    "error_message": null,
    "width": 256,
    "height": 256,
    "original_width": 852,
    "original_height": 316,
    "exif": "{}",
    "md5": "f8000f2d68970809128c8825130a9c46"
}