{
    "url": "https://scontent-iad3-2.xx.fbcdn.net/v/t39.30808-6/271157200_5021027304588404_5529034932878697312_n.jpg?_nc_cat=108&ccb=1-5&_nc_sid=9267fe&_nc_ohc=HMXYf_HLaqQAX9MClbN&_nc_ht=scontent-iad3-2.xx&oh=00_AT_GnYxnzInSBnd3WnZWuZY6CanVUGCFU-M3W0wDBhS1zw&oe=6247EF00",
    "key": "000000063",
    "status": "success",
    "error_message": null,
    "width": 256,
    "height": 256,
    "original_width": 1080,
    "original_height": 1080,
    "exif": "{}",
    "md5": "0ea893f750430d29c61cee45702419ec"
}