{
    "url": "https://scontent-iad3-2.xx.fbcdn.net/v/t39.30808-6/272971183_5129261490431651_7779336058974954583_n.jpg?_nc_cat=100&ccb=1-5&_nc_sid=9267fe&_nc_ohc=u-GQZ_en-lEAX_Cm24K&_nc_ht=scontent-iad3-2.xx&oh=00_AT_fBCq_nfS4R9lJIgQrFKMpSHru52Ix--ajZwFXbqB8UQ&oe=6247FEFD",
    "key": "000000044",
    "status": "success",
    "error_message": null,
    "width": 256,
    "height": 256,
    "original_width": 1080,
    "original_height": 1080,
    "exif": "{}",
    "md5": "ba52c2445086001664231f82c24a07c8"
}