{
    "url": "https://scontent-iad3-2.xx.fbcdn.net/v/t39.30808-6/253711705_4812800288744441_89384710458546213_n.jpg?_nc_cat=100&ccb=1-5&_nc_sid=9267fe&_nc_ohc=AiMa7IFKPHoAX87sEWV&_nc_ht=scontent-iad3-2.xx&oh=00_AT_xZ34z_LaM3sSVkZa91VSjLmqpmFaR_hQ7gbLjAisHLg&oe=6247EA02",
    "key": "000000126",
    "status": "success",
    "error_message": null,
    "width": 256,
    "height": 256,
    "original_width": 1080,
    "original_height": 1081,
    "exif": "{}",
    "md5": "dc0c022b642077bdedff30aa6556f647"
}