{
    "url": "https://scontent-iad3-2.xx.fbcdn.net/v/t39.30808-6/271171255_5014866095204525_6695876407955718519_n.jpg?_nc_cat=102&ccb=1-5&_nc_sid=730e14&_nc_ohc=97RbJfSkkmkAX_Cil6m&tn=Nx8MNQr-SjQVN_zh&_nc_ht=scontent-iad3-2.xx&oh=00_AT9iu4b3i4ePWvErzexXT6K8hzJq0bNn4yNRKg4RJ4yRzw&oe=6247B4D1",
    "key": "000000073",
    "status": "success",
    "error_message": null,
    "width": 256,
    "height": 256,
    "original_width": 1440,
    "original_height": 1800,
    "exif": "{}",
    "md5": "2b4e4c3dd2babba12a7a0a29b8653406"
}