{
    "url": "https://scontent-iad3-2.xx.fbcdn.net/v/t39.30808-6/272133440_5090713640953103_7610946437387845446_n.jpg?_nc_cat=101&ccb=1-5&_nc_sid=9267fe&_nc_ohc=kWMmHv03vw4AX_uI69b&_nc_ht=scontent-iad3-2.xx&oh=00_AT8LD0REVbNA45G7_14UGJvSvZ7BW5-02hI872D8ofLvNA&oe=62481383",
    "key": "000000052",
    "status": "success",
    "error_message": null,
    "width": 256,
    "height": 256,
    "original_width": 1080,
    "original_height": 1080,
    "exif": "{}",
    "md5": "4c9e48777663e21c2651685ecda9d1c1"
}