{
    "url": "https://scontent-atl3-2.xx.fbcdn.net/v/t1.6435-9/173959663_4185371568153986_4588692276533823555_n.jpg?_nc_cat=101&ccb=1-5&_nc_sid=9267fe&_nc_ohc=lvMn8N-Z_3gAX8LOpMp&_nc_ht=scontent-atl3-2.xx&oh=00_AT8yWWiTpzmq-EZadA_Gjc46UBi6Hy8l4glpaKtANq_1VA&oe=626A466A",
    "key": "000000144",
    "status": "success",
    "error_message": null,
    "width": 256,
    "height": 256,
    "original_width": 1080,
    "original_height": 1080,
    "exif": "{}",
    "md5": "28bcc5180adbb0076e0c3f0c248388a3"
}