{
    "url": "https://scontent-iad3-2.xx.fbcdn.net/v/t39.30808-6/271287514_5029881697036298_4368064790300643965_n.jpg?_nc_cat=110&ccb=1-5&_nc_sid=9267fe&_nc_ohc=g3MfNvUEdLQAX_XD8cB&tn=Nx8MNQr-SjQVN_zh&_nc_ht=scontent-iad3-2.xx&oh=00_AT-fQUr0bkcusTdz9ehbRWtJS7AH6U3Os8ldT4u33VCK1Q&oe=6247938E",
    "key": "000000061",
    "status": "success",
    "error_message": null,
    "width": 256,
    "height": 256,
    "original_width": 1643,
    "original_height": 2048,
    "exif": "{}",
    "md5": "1d2a97eccd063dc9f1a34846d524dabe"
}