{
    "url": "https://scontent-iad3-2.xx.fbcdn.net/v/t39.30808-6/274330714_5214216338602832_1860170831832340281_n.jpg?_nc_cat=103&ccb=1-5&_nc_sid=9267fe&_nc_ohc=Tp676MAqREYAX-1aefu&_nc_ht=scontent-iad3-2.xx&oh=00_AT841B0Vm5UGp36jx8xPb8taA3jyciNxGr8B8_utJTG-og&oe=6247E8B6",
    "key": "000000025",
    "status": "success",
    "error_message": null,
    "width": 256,
    "height": 256,
    "original_width": 1440,
    "original_height": 1800,
    "exif": "{}",
    "md5": "954071fadb0c087a5346375b0b666cf8"
}