{
    "url": "https://scontent-iad3-2.xx.fbcdn.net/v/t39.30808-6/269433308_4984840614873740_1654944268086512187_n.jpg?_nc_cat=108&ccb=1-5&_nc_sid=9267fe&_nc_ohc=wiPtrm0ygEwAX-BpHL1&_nc_oc=AQmRmz53Nzn3W9Ling_CuoYwtMt2Cwtz8T0NNdPdxb_ySHvq37FhAqoyxOt0szdQ1EOAS_wDseCeOrrndVJ1gqWJ&_nc_ht=scontent-iad3-2.xx&oh=00_AT83kFcPWNcg1HRlRJl0c84uZbdn4D5iFWkgARG55L4OZQ&oe=6247D6A1",
    "key": "000000080",
    "status": "success",
    "error_message": null,
    "width": 256,
    "height": 256,
    "original_width": 1080,
    "original_height": 1350,
    "exif": "{}",
    "md5": "af929fb903da718fa4359256677a093a"
}