{
    "url": "https://scontent-iad3-2.xx.fbcdn.net/v/t39.30808-6/267497420_4952583778099424_8742637195088042789_n.jpg?_nc_cat=109&ccb=1-5&_nc_sid=9267fe&_nc_ohc=z6YimJIviogAX9JgrHW&_nc_ht=scontent-iad3-2.xx&oh=00_AT-4wBkq0TnPliToNLFfNPnbW_xiHMBOhrc3tnEqPDPEIw&oe=6247BAC7",
    "key": "000000085",
    "status": "success",
    "error_message": null,
    "width": 256,
    "height": 256,
    "original_width": 1080,
    "original_height": 1080,
    "exif": "{}",
    "md5": "22d886ecbfbc27cbb21cc751caba55ef"
}