{
    "url": "https://scontent-iad3-2.xx.fbcdn.net/v/t39.30808-6/271057464_5010671308957337_7286438764491511185_n.jpg?_nc_cat=101&ccb=1-5&_nc_sid=e3f864&_nc_ohc=go7ysq3K1xEAX9xYN07&_nc_ht=scontent-iad3-2.xx&oh=00_AT-1FYtHi50VjlDuWIGiALPsLFogTbtAIhk6DU1AeZnTCg&oe=6247D786",
    "key": "000000075",
    "status": "success",
    "error_message": null,
    "width": 256,
    "height": 256,
    "original_width": 852,
    "original_height": 316,
    "exif": "{}",
    "md5": "520911b05a375b4fb213eab1e98b1ed0"
}