{
    "url": "https://scontent-iad3-2.xx.fbcdn.net/v/t39.30808-6/255858171_4831808003510336_6332530183193791205_n.jpg?_nc_cat=101&ccb=1-5&_nc_sid=9267fe&_nc_ohc=3mygqLOyn10AX-r-vd0&_nc_ht=scontent-iad3-2.xx&oh=00_AT_stNGBWBZ0FEhgPaNgYSStryHobnHLQtO35CFyNrdoRA&oe=62478B99",
    "key": "000000115",
    "status": "success",
    "error_message": null,
    "width": 256,
    "height": 256,
    "original_width": 1080,
    "original_height": 1081,
    "exif": "{}",
    "md5": "1ddaeafbd710e5b41faefcb24a211a81"
}