{
    "url": "https://scontent-iad3-2.xx.fbcdn.net/v/t39.30808-6/250185359_4789571157734021_39957641021581238_n.jpg?_nc_cat=101&ccb=1-5&_nc_sid=e3f864&_nc_ohc=HReXxL74ohQAX8LyzOc&tn=Nx8MNQr-SjQVN_zh&_nc_ht=scontent-iad3-2.xx&oh=00_AT_ORMofEudZwZP_x45N4ZcdzXSAE72TK7bqx1V_kb5YpA&oe=62482322",
    "key": "000000131",
    "status": "success",
    "error_message": null,
    "width": 256,
    "height": 256,
    "original_width": 1709,
    "original_height": 651,
    "exif": "{}",
    "md5": "567d8a77a442d3a961ab8e9a483bf0bc"
}