{
    "url": "https://scontent-iad3-2.xx.fbcdn.net/v/t39.30808-6/251357259_4797145366976600_6677985015245333636_n.jpg?_nc_cat=110&ccb=1-5&_nc_sid=9267fe&_nc_ohc=YgM0Ss0R04QAX951_hm&_nc_ht=scontent-iad3-2.xx&oh=00_AT-tdmNEffrlETCuyZLG96pTzC6qiIKXpASaZmUtoeiiYg&oe=6247B789",
    "key": "000000129",
    "status": "success",
    "error_message": null,
    "width": 256,
    "height": 256,
    "original_width": 1638,
    "original_height": 2048,
    "exif": "{}",
    "md5": "d8e9ffff1b53849f334598ea9675ccbe"
}