{
    "url": "https://scontent-atl3-2.xx.fbcdn.net/v/t1.6435-9/166512863_4136679206356556_5180987667655029225_n.jpg?_nc_cat=107&ccb=1-5&_nc_sid=9267fe&_nc_ohc=E_2BFlcD8WoAX-wc8mN&_nc_ht=scontent-atl3-2.xx&oh=00_AT_OLKLqR-1RTL4Gce3jONHRRt91ag5wt0t-QufgdjUt4g&oe=626CBAC4",
    "key": "000000159",
    "status": "success",
    "error_message": null,
    "width": 256,
    "height": 256,
    "original_width": 1080,
    "original_height": 1080,
    "exif": "{}",
    "md5": "e63149bcb7043d1537b5d83ed6a318e4"
}