{
    "url": "https://scontent-iad3-2.xx.fbcdn.net/v/t39.30808-6/268124161_4971061162918352_6160630216424616776_n.jpg?_nc_cat=106&ccb=1-5&_nc_sid=9267fe&_nc_ohc=JQA_DoKfyUAAX_f7i_E&_nc_ht=scontent-iad3-2.xx&oh=00_AT9igEMJqTscQuYlOwDuhELkELNnjY1s2aAt_doJRL9YBA&oe=62482133",
    "key": "000000082",
    "status": "success",
    "error_message": null,
    "width": 256,
    "height": 256,
    "original_width": 1440,
    "original_height": 1800,
    "exif": "{}",
    "md5": "382b9d09ef3a30b4d9f685086edae02f"
}