{
    "url": "https://scontent-iad3-2.xx.fbcdn.net/v/t39.30808-6/260214066_4884343568256779_3213308903953986892_n.jpg?_nc_cat=104&ccb=1-5&_nc_sid=9267fe&_nc_ohc=aKYNDb62X_0AX-h1zlO&tn=Nx8MNQr-SjQVN_zh&_nc_ht=scontent-iad3-2.xx&oh=00_AT-DgTu8fv-ZRffxBMh7QcshCqTY7sUN7mScGXtbY35Whg&oe=6247B075",
    "key": "000000101",
    "status": "success",
    "error_message": null,
    "width": 256,
    "height": 256,
    "original_width": 1365,
    "original_height": 2048,
    "exif": "{}",
    "md5": "f991a65882b751d9971da0d1f8de82b2"
}