{
    "url": "https://scontent-iad3-2.xx.fbcdn.net/v/t39.30808-6/271594563_5038621122829022_8813610836409702828_n.jpg?_nc_cat=110&ccb=1-5&_nc_sid=9267fe&_nc_ohc=ennJJLm2X-oAX9eALa7&_nc_ht=scontent-iad3-2.xx&oh=00_AT88Gtm2mQ5_XgC7SiR3HLSh_10ZhFL9QuWsMqBhJY9nuw&oe=62479D69",
    "key": "000000059",
    "status": "success",
    "error_message": null,
    "width": 256,
    "height": 256,
    "original_width": 1638,
    "original_height": 2048,
    "exif": "{}",
    "md5": "9221222bc8b6b43fdb786a1221b07e17"
}