{
    "url": "https://scontent-iad3-2.xx.fbcdn.net/v/t39.30808-6/277161994_5289518667739265_7461689358787468785_n.jpg?_nc_cat=105&ccb=1-5&_nc_sid=730e14&_nc_ohc=dGIhxDvQNkIAX-4e7tt&_nc_ht=scontent-iad3-2.xx&oh=00_AT8Zf_yc6GMT7-gcO2UL_2ZNAbJ-H0xj17A6i1Gtzy75Rw&oe=6247CB42",
    "key": "000000003",
    "status": "success",
    "error_message": null,
    "width": 256,
    "height": 256,
    "original_width": 1440,
    "original_height": 1800,
    "exif": "{}",
    "md5": "b92ef7d283c4b763c2c9311867c02250"
}