{
    "url": "https://scontent-atl3-2.xx.fbcdn.net/v/t1.6435-9/164614137_4120609087963568_8939153957312862022_n.jpg?_nc_cat=111&ccb=1-5&_nc_sid=9267fe&_nc_ohc=zXRuJWXZHswAX9s7z7Q&_nc_ht=scontent-atl3-2.xx&oh=00_AT8ZpqcbXqlqp8LQttev3Ag1lgSAwK5W9uUrPpnjRHarMA&oe=626D4301",
    "key": "000000166",
    "status": "success",
    "error_message": null,
    "width": 256,
    "height": 256,
    "original_width": 1639,
    "original_height": 2048,
    "exif": "{}",
    "md5": "509ff179ca072cc23a4c5e1572bf60fd"
}