{
    "url": "https://scontent-iad3-2.xx.fbcdn.net/v/t39.30808-6/264853452_4913716961986106_3609150439040978565_n.jpg?_nc_cat=103&ccb=1-5&_nc_sid=730e14&_nc_ohc=AvXc7OxQctIAX_5UN43&tn=Nx8MNQr-SjQVN_zh&_nc_ht=scontent-iad3-2.xx&oh=00_AT9jMAHqCs1OXyYv0rqHZlh8iBfvpzfRND7MH3UMWhHPFQ&oe=6247C63C",
    "key": "000000093",
    "status": "success",
    "error_message": null,
    "width": 256,
    "height": 256,
    "original_width": 683,
    "original_height": 1024,
    "exif": "{}",
    "md5": "b94e915ee50d5ebc76a86005c11c2af4"
}