{
    "url": "https://scontent-atl3-2.xx.fbcdn.net/v/t1.6435-9/169157340_4157220120969131_5599752446209006242_n.jpg?_nc_cat=109&ccb=1-5&_nc_sid=9267fe&_nc_ohc=X6CfBh_0EIkAX_Q2eYb&_nc_ht=scontent-atl3-2.xx&oh=00_AT9F7LD75BLezXQ783NnboenNliB-QtNAlXzQwbowbRv7w&oe=6269F42B",
    "key": "000010153",
    "status": "success",
    "error_message": null,
    "width": 256,
    "height": 256,
    "original_width": 1080,
    "original_height": 1080,
    "exif": "{}",
    "md5": "ec34fe13aba97431779b2f77082faa45"
}