{
    "url": "https://scontent-atl3-2.xx.fbcdn.net/v/t1.6435-9/173012126_4182279758463167_7636988430855224482_n.jpg?_nc_cat=111&ccb=1-5&_nc_sid=730e14&_nc_ohc=7knl29OXcZMAX_xhYlH&_nc_ht=scontent-atl3-2.xx&oh=00_AT8wh3gWJzKL9QmI4-XlFkG5_Ne3gHg6v69TJZtGDmkORA&oe=626A466F",
    "key": "000010146",
    "status": "success",
    "error_message": null,
    "width": 256,
    "height": 256,
    "original_width": 1080,
    "original_height": 1080,
    "exif": "{}",
    "md5": "0ff8df01ee03d388176775c254b8f74f"
}