{
    "url": "https://scontent-atl3-2.xx.fbcdn.net/v/t1.6435-9/165557270_4129055803785563_1582636577277872577_n.jpg?_nc_cat=104&ccb=1-5&_nc_sid=9267fe&_nc_ohc=G7OkRmh8HBEAX_rdWJW&_nc_ht=scontent-atl3-2.xx&oh=00_AT8sLdRc-wj-8BWUCKppS9z2AkAmktfNm-vc15QwUBXhsw&oe=626AA6FC",
    "key": "000010161",
    "status": "success",
    "error_message": null,
    "width": 256,
    "height": 256,
    "original_width": 1080,
    "original_height": 1350,
    "exif": "{}",
    "md5": "18b7b01352dd56ecd9a794ea31373a31"
}