{
    "url": "https://scontent-atl3-2.xx.fbcdn.net/v/t1.6435-9/176794295_4212615725429570_2032657746873989033_n.jpg?_nc_cat=103&ccb=1-5&_nc_sid=730e14&_nc_ohc=OEAzbiHe-PsAX_wfBYW&_nc_ht=scontent-atl3-2.xx&oh=00_AT8cwO7eByuqwXWIDZtpj-q06FqVde_KFX8Hp5vykVE5KQ&oe=626C362F",
    "key": "000010140",
    "status": "success",
    "error_message": null,
    "width": 256,
    "height": 256,
    "original_width": 1080,
    "original_height": 1080,
    "exif": "{}",
    "md5": "1336c687ee0675432d6c4e509ad01734"
}