{
    "url": "https://scontent-atl3-2.xx.fbcdn.net/v/t1.6435-9/164917724_4124645680893242_4312733554465734761_n.jpg?_nc_cat=102&ccb=1-5&_nc_sid=730e14&_nc_ohc=Yn3-S2XW2LkAX_Abjo0&_nc_ht=scontent-atl3-2.xx&oh=00_AT8ig8k9H_KggOrdDCx9RDpssYzdJCXEnToSfI9jPlO64A&oe=626D1740",
    "key": "000010162",
    "status": "success",
    "error_message": null,
    "width": 256,
    "height": 256,
    "original_width": 1080,
    "original_height": 1080,
    "exif": "{}",
    "md5": "014c9a7165110c55bd99bf74b9ce46c5"
}