{
    "url": "https://scontent-atl3-2.xx.fbcdn.net/v/t1.6435-9/172560427_4191628210861655_7772861235497841495_n.jpg?_nc_cat=104&ccb=1-5&_nc_sid=9267fe&_nc_ohc=tvRRq9TvfpoAX9lr2BO&_nc_ht=scontent-atl3-2.xx&oh=00_AT-PQ9Qb_xgpGiUXb1wCvQ_JcwFPxQyhNUcG1Klae0fyIw&oe=626C0C0A",
    "key": "000010143",
    "status": "success",
    "error_message": null,
    "width": 256,
    "height": 256,
    "original_width": 1080,
    "original_height": 1350,
    "exif": "{}",
    "md5": "7db7a30c9e276fa6e8abd603f9af7050"
}