{
    "url": "https://scontent-atl3-2.xx.fbcdn.net/v/t1.6435-9/175990224_4206632882694521_8064330951013251960_n.jpg?_nc_cat=102&ccb=1-5&_nc_sid=9267fe&_nc_ohc=2CsHbBAcwu8AX-5ebCE&_nc_ht=scontent-atl3-2.xx&oh=00_AT_i7Eo-9FXnLR_mAyIgTWCCMKcUbLyVrtefYPpGwLRhrQ&oe=626C006A",
    "key": "000010141",
    "status": "success",
    "error_message": null,
    "width": 256,
    "height": 256,
    "original_width": 1080,
    "original_height": 1080,
    "exif": "{}",
    "md5": "ea7f3c0d683a37ee8ad1ee3d30b3fa13"
}