{
    "url": "https://scontent-atl3-2.xx.fbcdn.net/v/t1.6435-9/168472480_4151150331576110_1290736540357545045_n.jpg?_nc_cat=103&ccb=1-5&_nc_sid=730e14&_nc_ohc=LYqWrN8MOYUAX_a-LiC&_nc_ht=scontent-atl3-2.xx&oh=00_AT9p6fLLn5cqXxxaIs9xYY-K4SA7WeHTTyGvAuHBfB-Ppw&oe=626A7708",
    "key": "000010155",
    "status": "success",
    "error_message": null,
    "width": 256,
    "height": 256,
    "original_width": 1080,
    "original_height": 1080,
    "exif": "{}",
    "md5": "d441469447d62c3e82bcb228fd58ec50"
}