{
    "url": "https://scontent-atl3-2.xx.fbcdn.net/v/t1.6435-9/167247556_4142295282461615_6399862279681382918_n.jpg?_nc_cat=107&ccb=1-5&_nc_sid=9267fe&_nc_ohc=qKRTWKCu7FoAX-RNT-o&_nc_ht=scontent-atl3-2.xx&oh=00_AT-IzYaZqzgRiOoEvBF6QDVo_ERyMn4aNJbUDH5hz0Q7LA&oe=626B37BE",
    "key": "000010158",
    "status": "success",
    "error_message": null,
    "width": 256,
    "height": 256,
    "original_width": 1639,
    "original_height": 2048,
    "exif": "{}",
    "md5": "55c8ae7120e1d15f2fc8dae41d819cb4"
}