{
    "url": "https://scontent-atl3-2.xx.fbcdn.net/v/t1.6435-9/172963936_4182279861796490_8805739822778554728_n.jpg?_nc_cat=110&ccb=1-5&_nc_sid=730e14&_nc_ohc=-3OYF1GEyKYAX_wJtY2&_nc_ht=scontent-atl3-2.xx&oh=00_AT8PGddYzn0P1m739BeF3Iy17yp1UKXiTi_LEP_ceqcJdg&oe=626B38AD",
    "key": "000010145",
    "status": "success",
    "error_message": null,
    "width": 256,
    "height": 256,
    "original_width": 1080,
    "original_height": 1080,
    "exif": "{}",
    "md5": "2258bb1876d3c0239388c261098f0fa1"
}