{
    "url": "https://scontent-atl3-2.xx.fbcdn.net/v/t1.6435-9/168653529_4151150298242780_7108734465956751126_n.jpg?_nc_cat=108&ccb=1-5&_nc_sid=730e14&_nc_ohc=KhmIK8LN7nUAX_8J2Yk&_nc_ht=scontent-atl3-2.xx&oh=00_AT91fMudl7rfa7-jFreVlymqfZ9SwXwrR33G3mtrCfJDXg&oe=626A1D65",
    "key": "000010156",
    "status": "success",
    "error_message": null,
    "width": 256,
    "height": 256,
    "original_width": 1080,
    "original_height": 1080,
    "exif": "{}",
    "md5": "ffd61732c0e9ce2b83220ebf7225fb09"
}