{
    "url": "https://scontent-atl3-2.xx.fbcdn.net/v/t1.6435-9/170641153_4166480960043047_6224122496322622658_n.jpg?_nc_cat=107&ccb=1-5&_nc_sid=730e14&_nc_ohc=7p3MG5Yt-uEAX-lnye7&_nc_ht=scontent-atl3-2.xx&oh=00_AT8mRegFlzsJloFNw9nSPcrbDKRWNSYG2C-VoV30HMEQ0Q&oe=626CAA26",
    "key": "000010151",
    "status": "success",
    "error_message": null,
    "width": 256,
    "height": 256,
    "original_width": 1920,
    "original_height": 1280,
    "exif": "{}",
    "md5": "4caa774d4ef9ff463ef6ed1a520e5bcf"
}