{
    "url": "https://scontent-atl3-2.xx.fbcdn.net/v/t1.6435-9/177517130_4218718744819268_4973356281864646664_n.jpg?_nc_cat=106&ccb=1-5&_nc_sid=9267fe&_nc_ohc=0vLOQKW0B3oAX9aiTHr&_nc_ht=scontent-atl3-2.xx&oh=00_AT-_VGAwxM7c4w6b-w_Sl_UvC4cof68JY6fwzF22ZyYfhw&oe=626BC548",
    "key": "000010138",
    "status": "success",
    "error_message": null,
    "width": 256,
    "height": 256,
    "original_width": 1536,
    "original_height": 2048,
    "exif": "{}",
    "md5": "ec547f2a0ff3381a9a6ec8dc63f7508f"
}