{
    "url": "https://scontent-atl3-2.xx.fbcdn.net/v/t1.6435-9/164837972_4116837758340701_3130127517534947045_n.jpg?_nc_cat=108&ccb=1-5&_nc_sid=9267fe&_nc_ohc=SUcgyPmoJaAAX_8hFgc&_nc_ht=scontent-atl3-2.xx&oh=00_AT_NHh8JwfpV-MPte6utVrP5MxGcdPEpj2hxgu7Up2DzRw&oe=626B1B6B",
    "key": "000010167",
    "status": "success",
    "error_message": null,
    "width": 256,
    "height": 256,
    "original_width": 1080,
    "original_height": 1080,
    "exif": "{}",
    "md5": "b4bf67ecaeb2f9c5dbecd4a9ba2bd8b5"
}